Date,Open,High,Low,Close,Volume,Spread
2020-01-01,1.12106,1.12218,1.12106,1.12188,2622,46
2020-01-02,1.12188,1.12245,1.11635,1.11708,487248,3
2020-01-03,1.11707,1.11798,1.11249,1.11548,177422,3
2020-01-06,1.11603,1.12055,1.11571,1.11954,139986,3
2020-01-07,1.11953,1.1197,1.11335,1.1154,155625,3
2020-01-08,1.11539,1.11682,1.11016,1.11129,195248,3
2020-01-09,1.1113,1.11204,1.10924,1.11093,142847,3
2020-01-10,1.11092,1.11291,1.1085,1.11165,126777,3
2020-01-13,1.11161,1.11469,1.11125,1.11344,121444,3
2020-01-14,1.11344,1.11444,1.11045,1.11275,137190,3
2020-01-15,1.11276,1.11634,1.11185,1.11524,149735,3
2020-01-16,1.11524,1.11727,1.11279,1.11368,132792,3
2020-01-17,1.11368,1.11425,1.10862,1.1089,123860,3
2020-01-20,1.10946,1.11023,1.10766,1.10962,97617,2
2020-01-21,1.10963,1.11179,1.10809,1.10851,133297,2
2020-01-22,1.10851,1.10984,1.107,1.10957,134184,3
2020-01-23,1.10956,1.11087,1.10362,1.10554,170435,3
2020-01-24,1.10554,1.10617,1.10195,1.10224,123754,3
2020-01-27,1.10245,1.10375,1.10096,1.10193,126592,3
2020-01-28,1.10193,1.10252,1.09978,1.1022,122880,3
2020-01-29,1.1022,1.10276,1.09923,1.10138,122836,3
2020-01-30,1.10138,1.10393,1.10069,1.10285,143395,2
2020-01-31,1.10285,1.10954,1.10168,1.10944,141189,3
2020-02-03,1.1089,1.1089,1.10356,1.10623,134301,3
2020-02-04,1.10623,1.10641,1.10328,1.10446,113722,4
2020-02-05,1.10449,1.10479,1.09937,1.10003,122284,3
2020-02-06,1.10003,1.10138,1.09644,1.09806,102188,3
2020-02-07,1.09809,1.09849,1.09419,1.09438,130379,3
2020-02-10,1.09491,1.09574,1.09076,1.09101,103269,3
2020-02-11,1.09103,1.09248,1.08913,1.09189,96233,3
2020-02-12,1.09187,1.09255,1.08654,1.08756,252638,6
2020-02-13,1.08755,1.08887,1.0834,1.08413,336731,3
2020-02-14,1.08415,1.08611,1.08271,1.08299,118361,2
2020-02-17,1.08411,1.08509,1.08291,1.08366,74839,3
2020-02-18,1.08365,1.08372,1.07854,1.07949,131588,3
2020-02-19,1.07949,1.08115,1.07822,1.08096,105176,3
2020-02-20,1.08095,1.08211,1.07778,1.07875,154026,4
2020-02-21,1.07875,1.08635,1.07871,1.08456,187654,3
2020-02-24,1.08385,1.0872,1.0805,1.08485,174358,4
2020-02-25,1.08485,1.08902,1.083,1.08797,183233,3
2020-02-26,1.08796,1.09086,1.08549,1.08864,188227,3
2020-02-27,1.08865,1.10064,1.08848,1.09963,216936,3
2020-02-28,1.09964,1.1053,1.09509,1.10251,247663,3
2020-03-02,1.10516,1.11845,1.10362,1.11443,247038,3
2020-03-03,1.11443,1.12134,1.10953,1.11765,214831,4
2020-03-04,1.11765,1.11875,1.10955,1.1138,163862,3
2020-03-05,1.11382,1.12447,1.11195,1.12224,194629,4
2020-03-06,1.12224,1.13546,1.12112,1.12804,236547,3
2020-03-09,1.13876,1.14954,1.13559,1.13989,291484,4
2020-03-10,1.13989,1.14251,1.12749,1.13136,263081,6
2020-03-11,1.13136,1.13667,1.12501,1.12611,198271,6
2020-03-12,1.12612,1.13336,1.1055,1.11823,262653,6
2020-03-13,1.11822,1.12213,1.1055,1.10992,229628,7
2020-03-16,1.1156,1.12366,1.10849,1.11633,278546,21
2020-03-17,1.11632,1.11891,1.0955,1.1016,277098,4
2020-03-18,1.10161,1.10451,1.08016,1.09442,323485,8
2020-03-19,1.09442,1.0949,1.06542,1.06544,299830,10
2020-03-20,1.06543,1.08309,1.06375,1.06929,470361,9
2020-03-23,1.06886,1.08279,1.06577,1.07635,443006,10
2020-03-24,1.07633,1.08879,1.07457,1.07977,343207,7
2020-03-25,1.07978,1.08938,1.07599,1.08884,296534,7
2020-03-26,1.08882,1.10589,1.08742,1.10475,281332,5
2020-03-27,1.10475,1.11473,1.09533,1.11379,250789,7
2020-03-30,1.11361,1.11383,1.101,1.1029,193351,6
2020-03-31,1.10289,1.10427,1.09265,1.10259,319590,7
2020-04-01,1.1026,1.10361,1.09026,1.09513,272227,7
2020-04-02,1.09514,1.09644,1.08206,1.0846,293229,5
2020-04-03,1.08459,1.08553,1.07727,1.07955,264084,5
2020-04-06,1.08053,1.08354,1.07683,1.07988,274569,6
2020-04-07,1.07988,1.09263,1.07904,1.08935,281130,4
2020-04-08,1.08934,1.08969,1.08299,1.08599,231755,4
2020-04-09,1.08598,1.09516,1.08409,1.09226,263070,4
2020-04-10,1.09226,1.09524,1.09192,1.09326,143888,12
2020-04-13,1.09314,1.09678,1.08926,1.09198,164640,3
2020-04-14,1.09197,1.09907,1.09149,1.09834,226866,2
2020-04-15,1.09832,1.09872,1.08564,1.09037,241946,3
2020-04-16,1.09036,1.09072,1.08166,1.08584,281483,4
2020-04-17,1.08588,1.08926,1.08119,1.08711,249750,5
2020-04-20,1.08635,1.08967,1.08411,1.08637,209670,4
2020-04-21,1.08636,1.08802,1.08165,1.08563,265128,4
2020-04-22,1.08563,1.08852,1.08032,1.08062,216291,3
2020-04-23,1.08062,1.08466,1.0756,1.07743,280009,3
2020-04-24,1.07743,1.08294,1.07271,1.08196,228547,3
2020-04-27,1.08208,1.08602,1.08112,1.08245,208274,3
2020-04-28,1.08244,1.08884,1.08097,1.08324,211884,3
2020-04-29,1.08324,1.08856,1.08308,1.08772,215395,3
2020-04-30,1.0877,1.09726,1.0833,1.09448,291710,3
2020-05-01,1.09447,1.10187,1.09344,1.09777,184970,4
2020-05-04,1.09608,1.09609,1.08956,1.0903,214135,3
2020-05-05,1.09031,1.09258,1.08258,1.08384,236421,4
2020-05-06,1.08385,1.08438,1.07819,1.0798,241136,4
2020-05-07,1.0798,1.08408,1.07665,1.08361,233075,3
2020-05-08,1.0836,1.08756,1.08151,1.08371,163419,3
2020-05-11,1.08377,1.08504,1.08005,1.08093,212812,3
2020-05-12,1.08093,1.08851,1.07843,1.08454,207058,4
2020-05-13,1.08455,1.08965,1.08116,1.0821,229006,2
2020-05-14,1.0821,1.08239,1.07748,1.0806,214011,4
2020-05-15,1.08061,1.08509,1.07888,1.08183,198828,3
2020-05-18,1.08186,1.0927,1.07999,1.09139,204154,3
2020-05-19,1.09138,1.09759,1.09021,1.0926,247844,3
2020-05-20,1.09262,1.09989,1.09262,1.09796,211275,3
2020-05-21,1.09794,1.10083,1.09371,1.0949,175881,3
2020-05-22,1.09491,1.09535,1.08852,1.0898,156635,3
2020-05-25,1.0908,1.09144,1.08706,1.09016,98796,3
2020-05-26,1.09015,1.09957,1.08969,1.09784,207554,3
2020-05-27,1.09785,1.10307,1.0934,1.10166,319495,3
2020-05-28,1.10165,1.10934,1.09916,1.10779,231206,3
2020-05-29,1.10778,1.11451,1.10698,1.11036,373020,3
2020-06-01,1.11155,1.1154,1.11004,1.11251,240621,4
2020-06-02,1.11252,1.11959,1.11151,1.11851,276689,3
2020-06-03,1.1185,1.12577,1.11795,1.12349,242099,3
2020-06-04,1.1235,1.13623,1.11947,1.13354,275765,4
2020-06-05,1.13357,1.13836,1.12784,1.12911,263548,4
2020-06-08,1.1316,1.13185,1.12682,1.1304,199315,3
2020-06-09,1.1304,1.13638,1.12409,1.1332,237767,3
2020-06-10,1.1332,1.14224,1.13219,1.13667,252825,3
2020-06-11,1.13668,1.14036,1.1287,1.12879,306084,3
2020-06-12,1.12881,1.13405,1.12125,1.1255,296442,4
2020-06-15,1.12516,1.1338,1.12267,1.13375,281651,3
2020-06-16,1.13376,1.13532,1.12278,1.12648,237647,3
2020-06-17,1.12649,1.12939,1.12068,1.12419,248307,4
2020-06-18,1.12419,1.12613,1.11854,1.12076,234918,3
2020-06-19,1.12075,1.12542,1.1168,1.11759,232217,4
2020-06-22,1.11766,1.12809,1.11737,1.12776,184249,4
2020-06-23,1.12775,1.13486,1.1233,1.13124,233941,4
2020-06-24,1.13124,1.13257,1.12481,1.12499,231643,4
2020-06-25,1.125,1.12597,1.11903,1.12179,240794,3
2020-06-26,1.12179,1.12393,1.11951,1.1217,162429,4
2020-06-29,1.12219,1.12879,1.12193,1.12467,181086,4
2020-06-30,1.12466,1.12619,1.1191,1.12335,194390,4
2020-07-01,1.12336,1.12751,1.11848,1.12511,189149,3
2020-07-02,1.12511,1.13026,1.12233,1.12372,183478,3
2020-07-03,1.12373,1.12518,1.12192,1.12464,140506,4
2020-07-06,1.12467,1.13454,1.12467,1.13123,145701,3
2020-07-07,1.13123,1.13325,1.12588,1.12744,162692,3
2020-07-08,1.12745,1.13518,1.12623,1.13372,163848,3
2020-07-09,1.13372,1.13706,1.12801,1.12879,195462,3
2020-07-10,1.12881,1.13247,1.12547,1.1299,178152,3
2020-07-13,1.13086,1.13748,1.13008,1.13447,248161,4
2020-07-14,1.13447,1.14123,1.13251,1.14099,354215,4
2020-07-15,1.141,1.1452,1.1391,1.14168,303174,4
2020-07-16,1.14168,1.14417,1.13704,1.13878,293650,3
2020-07-17,1.13877,1.14436,1.13774,1.14269,168995,4
2020-07-20,1.14421,1.14677,1.14023,1.14557,284685,3
2020-07-21,1.14559,1.15423,1.14228,1.1535,385754,3
2020-07-22,1.1535,1.16013,1.15068,1.15646,468593,4
2020-07-23,1.15647,1.16268,1.15403,1.15952,357357,4
2020-07-24,1.15953,1.1658,1.15812,1.16546,407292,3
2020-07-27,1.16496,1.17813,1.16494,1.17682,338708,4
2020-07-28,1.17681,1.17736,1.16987,1.17185,336540,3
2020-07-29,1.17185,1.18061,1.17139,1.17806,341913,4
2020-07-30,1.17809,1.18762,1.17308,1.18719,354848,4
2020-07-31,1.18718,1.19087,1.17617,1.17753,553540,4
2020-08-03,1.17809,1.17887,1.16959,1.17603,312768,4
2020-08-04,1.17603,1.18148,1.17211,1.18136,449655,4
2020-08-05,1.18135,1.19048,1.17992,1.1872,1039928,3
2020-08-06,1.18721,1.1916,1.18179,1.18752,1280282,3
2020-08-07,1.18753,1.18818,1.17551,1.17862,430363,4
2020-08-10,1.1781,1.18006,1.17357,1.1736,299076,4
2020-08-11,1.1736,1.1808,1.17219,1.17347,587901,4
2020-08-12,1.17348,1.1817,1.1711,1.17939,625341,4
2020-08-13,1.17939,1.18641,1.17934,1.18155,453065,4
2020-08-14,1.18153,1.18503,1.17817,1.18414,329638,3
2020-08-17,1.18518,1.18809,1.18286,1.18745,302913,4
2020-08-18,1.18745,1.19656,1.18742,1.19464,326671,4
2020-08-19,1.19463,1.19526,1.18302,1.18437,530325,3
2020-08-20,1.1844,1.18711,1.18019,1.18695,426158,4
2020-08-21,1.18694,1.18828,1.17541,1.17949,382696,4
2020-08-24,1.17981,1.18495,1.17841,1.17934,214796,4
2020-08-25,1.17934,1.18435,1.17841,1.18339,421874,4
2020-08-26,1.1834,1.18406,1.17721,1.184,274334,4
2020-08-27,1.18403,1.19018,1.17623,1.18205,467463,3
2020-08-28,1.18205,1.19197,1.18109,1.19018,567105,4
2020-08-31,1.1917,1.1966,1.1884,1.19367,995810,4
2020-09-01,1.19368,1.20113,1.19013,1.19226,376211,3
2020-09-02,1.19224,1.19239,1.18221,1.18457,739073,4
2020-09-03,1.18458,1.18646,1.17889,1.18412,892495,4
2020-09-04,1.18413,1.18654,1.17809,1.18371,952444,4
2020-09-07,1.18342,1.18486,1.18116,1.18188,471442,4
2020-09-08,1.18187,1.18273,1.1757,1.17667,908457,4
2020-09-09,1.17667,1.18339,1.17527,1.18037,842889,4
2020-09-10,1.18035,1.19175,1.18004,1.18234,1083345,3
2020-09-11,1.18237,1.18741,1.18237,1.18453,905065,3
2020-09-14,1.18404,1.1888,1.18319,1.18671,900798,3
2020-09-15,1.1867,1.19005,1.18395,1.18419,893131,4
2020-09-16,1.1842,1.18825,1.17876,1.18045,998109,3
2020-09-17,1.18043,1.18561,1.17373,1.18468,1401773,4
2020-09-18,1.18468,1.18705,1.1826,1.18385,1078631,4
2020-09-21,1.18455,1.18717,1.17317,1.17626,1313004,3
2020-09-22,1.17627,1.17715,1.16916,1.17059,1027218,3
2020-09-23,1.1706,1.17188,1.16513,1.16568,1089510,3
2020-09-24,1.16567,1.16869,1.16265,1.16735,1080761,4
2020-09-25,1.16735,1.1685,1.16121,1.16277,973131,4
2020-09-28,1.16341,1.16799,1.1615,1.16768,1029121,3
2020-09-29,1.16768,1.17457,1.16652,1.17414,978170,4
2020-09-30,1.17414,1.17548,1.16847,1.17232,1342334,4
2020-10-01,1.17234,1.17696,1.17171,1.17439,1320034,3
2020-10-02,1.17439,1.17445,1.16956,1.17157,1382599,3
2020-10-05,1.17195,1.17975,1.17176,1.17891,1035160,4
2020-10-06,1.17889,1.18077,1.17302,1.17371,1216173,3
2020-10-07,1.1737,1.17818,1.17249,1.17657,1176371,3
2020-10-08,1.17657,1.17816,1.17326,1.17668,1112872,3
2020-10-09,1.17667,1.1831,1.17576,1.18248,1032618,4
2020-10-12,1.18156,1.18266,1.17867,1.18129,950522,3
2020-10-13,1.18127,1.18139,1.17304,1.1742,1201647,3
2020-10-14,1.17419,1.1771,1.17199,1.17447,1142152,3
2020-10-15,1.17444,1.17578,1.16884,1.17064,1050049,2
2020-10-16,1.17065,1.17462,1.16939,1.17132,929532,3
2020-10-19,1.17154,1.17936,1.17031,1.17683,689675,3
2020-10-20,1.17683,1.18407,1.17598,1.1829,811258,3
2020-10-21,1.18289,1.18807,1.1828,1.18516,948221,3
2020-10-22,1.18516,1.18668,1.18114,1.18146,932253,3
2020-10-23,1.18143,1.18648,1.17866,1.18572,878059,3
2020-10-26,1.18479,1.18504,1.18032,1.18091,845760,3
2020-10-27,1.18092,1.18387,1.17695,1.17815,814000,2
2020-10-28,1.17818,1.17879,1.17178,1.17482,1028904,3
2020-10-29,1.17482,1.17587,1.16501,1.16783,779709,3
2020-10-30,1.16782,1.17042,1.164,1.16431,900547,3
2020-11-02,1.16415,1.16557,1.16221,1.16404,827464,3
2020-11-03,1.16405,1.17639,1.16372,1.17616,660777,3
2020-11-04,1.17617,1.17704,1.16026,1.17321,1295230,4
2020-11-05,1.17321,1.18596,1.17107,1.18167,954533,4
2020-11-06,1.18169,1.18908,1.17952,1.187,499448,4
2020-11-09,1.18924,1.19199,1.17952,1.1824,695857,3
2020-11-10,1.1824,1.18432,1.17799,1.18184,627031,4
2020-11-11,1.18183,1.18327,1.17454,1.17792,422653,3
2020-11-12,1.17792,1.18231,1.17585,1.18038,454106,4
2020-11-13,1.18039,1.18374,1.17989,1.1831,378812,3
2020-11-16,1.18447,1.18689,1.18141,1.18592,388903,4
2020-11-17,1.18593,1.18937,1.18425,1.18636,335345,3
2020-11-18,1.18637,1.18908,1.18448,1.18451,358183,4
2020-11-19,1.18452,1.18825,1.18161,1.18653,416514,4
2020-11-20,1.18655,1.18908,1.18498,1.18544,386960,4
2020-11-23,1.18655,1.1906,1.17997,1.18422,375068,3
2020-11-24,1.18422,1.18978,1.18384,1.18974,450088,4
2020-11-25,1.18976,1.19297,1.18818,1.19162,434676,3
2020-11-26,1.19164,1.19409,1.18852,1.19109,310771,4
2020-11-27,1.1911,1.19641,1.19094,1.1962,294695,3
2020-11-30,1.19722,1.20032,1.19236,1.19374,428158,3
2020-12-01,1.19372,1.20765,1.19353,1.20706,329953,4
2020-12-02,1.20707,1.21183,1.20399,1.21138,355708,3
2020-12-03,1.21137,1.21746,1.2101,1.21449,370344,4
2020-12-04,1.21449,1.21773,1.21101,1.21202,419215,4
2020-12-07,1.21199,1.21662,1.20784,1.21092,402011,4
2020-12-08,1.21091,1.21339,1.20953,1.21094,342812,3
2020-12-09,1.21095,1.21475,1.20587,1.20784,239324,3
2020-12-10,1.20784,1.21588,1.20784,1.21433,236023,3
2020-12-11,1.21434,1.21629,1.21053,1.21086,192921,5
2020-12-14,1.21331,1.21767,1.21155,1.21486,160650,4
2020-12-15,1.21485,1.21689,1.2121,1.21543,143327,4
2020-12-16,1.21543,1.22121,1.2125,1.21961,173035,4
2020-12-17,1.21961,1.22726,1.21898,1.22614,169622,4
2020-12-18,1.22613,1.22687,1.22255,1.22559,159209,4
2020-12-21,1.22118,1.22529,1.21296,1.22346,232245,4
2020-12-22,1.22347,1.2257,1.2152,1.21872,203062,5
2020-12-23,1.21871,1.2221,1.21538,1.21939,186486,5
2020-12-24,1.2194,1.22156,1.21773,1.2182,150079,5
2020-12-25,1.21816,1.22031,1.21709,1.21922,3972,31
2020-12-28,1.22039,1.22502,1.21811,1.22196,137281,5
2020-12-29,1.22196,1.2275,1.22193,1.22519,152122,5
2020-12-30,1.2252,1.23101,1.22511,1.22984,157643,5
2020-12-31,1.22986,1.23092,1.22091,1.22141,162462,4
2021-01-04,1.22499,1.23096,1.22385,1.22525,244590,3
2021-01-05,1.22525,1.23056,1.2247,1.22984,193568,4
2021-01-06,1.22985,1.23494,1.22655,1.23382,269841,5
2021-01-07,1.23384,1.23443,1.2245,1.22691,195081,4
2021-01-08,1.2269,1.22845,1.21929,1.22174,235959,3
2021-01-11,1.21869,1.21998,1.21321,1.21605,185522,4
2021-01-12,1.21605,1.22097,1.21371,1.22085,157612,4
2021-01-13,1.22087,1.22227,1.21399,1.21619,172756,4
2021-01-14,1.21618,1.21784,1.2111,1.21506,194304,4
2021-01-15,1.21505,1.21624,1.20747,1.20748,164726,4
2021-01-18,1.20661,1.20867,1.20535,1.20776,119427,3
2021-01-19,1.20775,1.21448,1.20772,1.21391,178243,4
2021-01-20,1.21392,1.21581,1.20767,1.21144,168194,4
2021-01-21,1.21145,1.2173,1.21093,1.21654,164677,4
2021-01-22,1.21654,1.21894,1.21515,1.21667,139063,4
2021-01-25,1.2167,1.21832,1.21158,1.21426,162055,4
2021-01-26,1.21427,1.21758,1.21076,1.21632,146248,4
2021-01-27,1.21632,1.21696,1.20585,1.21027,202704,5
2021-01-28,1.21028,1.21424,1.20807,1.21209,198573,5
2021-01-29,1.21209,1.2156,1.20944,1.21298,191335,4
2021-02-01,1.21225,1.21363,1.2056,1.20676,165579,4
2021-02-02,1.20676,1.20877,1.20115,1.20365,147918,4
2021-02-03,1.20365,1.205,1.2004,1.20412,119403,4
2021-02-04,1.20413,1.20427,1.19574,1.19662,123762,4
2021-02-05,1.19659,1.20498,1.19522,1.20481,120896,4
2021-02-08,1.20484,1.2066,1.20196,1.20522,104210,4
2021-02-09,1.20522,1.21218,1.20491,1.21161,133520,4
2021-02-10,1.21162,1.2144,1.21088,1.2119,130007,3
2021-02-11,1.21189,1.21494,1.21134,1.21304,88213,3
2021-02-12,1.21306,1.21332,1.20815,1.21177,81711,4
2021-02-15,1.21206,1.21451,1.21167,1.2132,67366,4
2021-02-16,1.21319,1.21693,1.20859,1.2088,122517,3
2021-02-17,1.20879,1.20982,1.20232,1.20455,127767,3
2021-02-18,1.20454,1.20958,1.20355,1.20917,118507,4
2021-02-19,1.20917,1.21444,1.20823,1.21167,118592,4
2021-02-22,1.21246,1.21693,1.20911,1.21638,133420,4
2021-02-23,1.21637,1.21801,1.21353,1.21506,123325,4
2021-02-24,1.21506,1.21745,1.21092,1.21693,161194,3
2021-02-25,1.21696,1.22433,1.21559,1.21577,235417,4
2021-02-26,1.21579,1.21826,1.20621,1.20704,305266,4
2021-03-01,1.20905,1.21011,1.20276,1.20484,153286,3
2021-03-02,1.20485,1.20943,1.19916,1.20848,162640,4
2021-03-03,1.2085,1.21132,1.20427,1.20464,182518,4
2021-03-04,1.20463,1.2063,1.19605,1.19672,215954,3
2021-03-05,1.19671,1.19687,1.18932,1.19128,242307,3
2021-03-08,1.19262,1.19321,1.18442,1.18508,184867,3
2021-03-09,1.18509,1.19156,1.18355,1.18967,167729,3
2021-03-10,1.18967,1.19296,1.18688,1.19242,153889,3
2021-03-11,1.19242,1.19899,1.19156,1.19808,153567,3
2021-03-12,1.19809,1.19884,1.19099,1.19476,152752,4
2021-03-15,1.19501,1.19674,1.1911,1.19263,121808,3
2021-03-16,1.19263,1.19518,1.18819,1.1902,127996,3
2021-03-17,1.19018,1.19873,1.18861,1.19825,137383,3
2021-03-18,1.19827,1.19888,1.19061,1.19174,178354,3
2021-03-19,1.19175,1.19371,1.18738,1.19031,135305,3
2021-03-22,1.18837,1.19468,1.18744,1.19322,113511,3
2021-03-23,1.19323,1.19407,1.1836,1.18396,123356,3
2021-03-24,1.18399,1.18508,1.18089,1.18127,126127,3
2021-03-25,1.18128,1.18277,1.17617,1.17756,137238,4
2021-03-26,1.17756,1.18049,1.17716,1.17918,94801,3
2021-03-29,1.17874,1.17939,1.17606,1.17685,107828,3
2021-03-30,1.17684,1.17737,1.17112,1.17231,101754,2
2021-03-31,1.1723,1.17598,1.1704,1.1727,109017,4
2021-04-01,1.17271,1.17825,1.17125,1.17772,100344,3
2021-04-02,1.17772,1.17866,1.1749,1.17603,70449,4
2021-04-05,1.17674,1.18194,1.17379,1.18169,60579,4
2021-04-06,1.18168,1.18776,1.17951,1.18737,92604,3
2021-04-07,1.18737,1.19147,1.18608,1.18723,94216,3
2021-04-08,1.18724,1.19274,1.18609,1.19153,88310,4
2021-04-09,1.19151,1.19201,1.18669,1.18977,83839,3
2021-04-12,1.18957,1.1919,1.1871,1.19115,79062,3
2021-04-13,1.19117,1.19557,1.18776,1.19538,99195,3
2021-04-14,1.19541,1.19872,1.19509,1.19832,94063,3
2021-04-15,1.1983,1.19932,1.1956,1.19692,88843,3
2021-04-16,1.19692,1.19946,1.19503,1.19805,76096,3
2021-04-19,1.19688,1.2048,1.19424,1.20424,97832,3
2021-04-20,1.20424,1.20797,1.20224,1.20324,97180,4
2021-04-21,1.20323,1.20436,1.19985,1.20372,85570,3
2021-04-22,1.20372,1.20694,1.19936,1.20143,106787,3
2021-04-23,1.20144,1.20999,1.20127,1.20938,80340,4
2021-04-26,1.20893,1.21167,1.20608,1.20793,80015,3
2021-04-27,1.20794,1.20927,1.20567,1.20892,81994,3
2021-04-28,1.2089,1.21353,1.2056,1.21348,104881,4
2021-04-29,1.2135,1.21498,1.21021,1.21245,99082,3
2021-04-30,1.21243,1.21265,1.20165,1.20169,97912,4
2021-05-03,1.20272,1.2076,1.2013,1.20588,81086,3
2021-05-04,1.2059,1.20598,1.19989,1.20144,108211,3
2021-05-05,1.20145,1.20265,1.19859,1.20074,83333,3
2021-05-06,1.20076,1.20716,1.19929,1.20651,94634,3
2021-05-07,1.20651,1.21713,1.20527,1.21615,128353,3
2021-05-10,1.21704,1.21782,1.21271,1.21405,99036,3
2021-05-11,1.21406,1.21815,1.2123,1.2144,104647,3
2021-05-12,1.21441,1.2152,1.20655,1.20777,164458,3
2021-05-13,1.20776,1.2106,1.20514,1.20767,123840,3
2021-05-14,1.20768,1.21477,1.20708,1.2142,97541,4
2021-05-17,1.21497,1.21687,1.21259,1.21563,81158,3
2021-05-18,1.21561,1.22339,1.21534,1.22223,95068,4
2021-05-19,1.22225,1.22451,1.21598,1.21704,122052,4
2021-05-20,1.21704,1.223,1.21689,1.22249,91322,4
2021-05-21,1.2225,1.22396,1.21607,1.21778,95445,3
2021-05-24,1.21805,1.22298,1.21749,1.2214,79882,3
2021-05-25,1.2214,1.22664,1.22113,1.22468,96706,3
2021-05-26,1.22468,1.22629,1.2182,1.2192,91009,3
2021-05-27,1.2192,1.22149,1.21751,1.21927,86094,3
2021-05-28,1.21927,1.22048,1.21325,1.21905,95930,3
2021-05-31,1.21893,1.22343,1.21832,1.22325,58587,4
2021-06-01,1.22325,1.22542,1.2211,1.22174,81752,3
2021-06-02,1.22172,1.22265,1.2164,1.22094,77805,3
2021-06-03,1.22094,1.22141,1.21181,1.213,97685,4
2021-06-04,1.21299,1.21856,1.21039,1.21644,91527,3
2021-06-07,1.21665,1.22017,1.21448,1.21905,56786,3
2021-06-08,1.21905,1.21941,1.21642,1.21724,76155,3
2021-06-09,1.21725,1.22179,1.21714,1.21784,53539,3
2021-06-10,1.21782,1.21945,1.21433,1.21725,114783,3
2021-06-11,1.21726,1.21929,1.20925,1.21072,76232,3
2021-06-14,1.21096,1.21305,1.20942,1.21218,57006,3
2021-06-15,1.21218,1.21473,1.21013,1.21245,69763,3
2021-06-16,1.21246,1.21347,1.19865,1.1995,120465,3
2021-06-17,1.19949,1.20062,1.18916,1.1913,137587,3
2021-06-18,1.19129,1.19249,1.18472,1.18592,137535,4
2021-06-21,1.18703,1.19213,1.18476,1.19119,111976,3
2021-06-22,1.19119,1.19526,1.18808,1.19364,90408,4
2021-06-23,1.19364,1.197,1.19113,1.19296,89389,3
2021-06-24,1.19297,1.19562,1.19176,1.19278,81793,3
2021-06-25,1.19278,1.19751,1.19261,1.19347,73327,4
2021-06-28,1.19415,1.19444,1.19022,1.19286,83003,3
2021-06-29,1.19287,1.19295,1.18775,1.19002,87518,3
2021-06-30,1.19003,1.1909,1.1845,1.18558,98228,3
2021-07-01,1.18559,1.18842,1.18373,1.18457,97912,3
2021-07-02,1.18455,1.18741,1.1807,1.18622,93309,3
2021-07-05,1.18556,1.18804,1.18513,1.18624,59952,3
2021-07-06,1.18623,1.18951,1.18068,1.18221,98080,4
2021-07-07,1.18222,1.18364,1.17815,1.17929,98323,3
2021-07-08,1.17928,1.18678,1.17834,1.18463,137236,4
2021-07-09,1.18463,1.1881,1.18249,1.1871,95244,3
2021-07-12,1.18722,1.18802,1.1836,1.18627,75999,3
2021-07-13,1.18627,1.18751,1.17721,1.17748,92564,3
2021-07-14,1.17747,1.18387,1.17717,1.18329,80269,4
2021-07-15,1.18329,1.18506,1.17962,1.18112,79835,3
2021-07-16,1.18114,1.18221,1.17921,1.18047,71395,4
2021-07-19,1.18125,1.18244,1.17636,1.17917,103862,3
2021-07-20,1.17917,1.18024,1.17555,1.17813,104231,3
2021-07-21,1.17811,1.18046,1.17518,1.17922,78220,3
2021-07-22,1.17925,1.18304,1.17572,1.17722,115936,4
2021-07-23,1.17722,1.17865,1.17544,1.17683,66111,4
2021-07-26,1.17729,1.18172,1.17632,1.18047,74774,4
2021-07-27,1.18046,1.18409,1.17698,1.18203,70121,4
2021-07-28,1.18205,1.18494,1.17721,1.18454,95641,3
2021-07-29,1.18453,1.18942,1.18406,1.18903,65085,5
2021-07-30,1.18902,1.19085,1.18515,1.18667,78398,4
2021-08-02,1.18662,1.18968,1.18587,1.1874,65769,4
2021-08-03,1.18738,1.18932,1.18535,1.18694,60687,4
2021-08-04,1.18693,1.18996,1.18326,1.18371,59264,3
2021-08-05,1.18373,1.18572,1.1828,1.18332,52837,4
2021-08-06,1.18332,1.18333,1.17543,1.17596,55144,4
2021-08-09,1.17477,1.17689,1.17344,1.1736,48540,4
2021-08-10,1.17359,1.17427,1.17095,1.17195,75425,4
2021-08-11,1.17195,1.17541,1.17059,1.17417,61063,3
2021-08-12,1.17415,1.17481,1.17236,1.17356,45718,5
2021-08-13,1.17357,1.18045,1.17302,1.17933,42835,3
2021-08-16,1.17939,1.18006,1.17672,1.17776,43716,4
2021-08-17,1.17776,1.17846,1.17017,1.17091,59347,4
2021-08-18,1.17092,1.17427,1.16936,1.17026,59242,4
2021-08-19,1.17027,1.17041,1.16656,1.16763,63232,3
2021-08-20,1.16762,1.17044,1.16638,1.16951,50369,4
2021-08-23,1.16969,1.17501,1.1695,1.17441,55639,3
2021-08-24,1.17439,1.1765,1.17272,1.17526,47189,5
2021-08-25,1.17527,1.17745,1.1726,1.17717,59283,3
2021-08-26,1.17716,1.17789,1.17458,1.17533,64912,5
2021-08-27,1.17534,1.18022,1.17348,1.1791,90971,5
2021-08-30,1.17982,1.18097,1.17827,1.17965,54564,3
2021-08-31,1.17961,1.1845,1.17952,1.18098,66321,4
2021-09-01,1.18098,1.18571,1.17935,1.18407,63149,4
2021-09-02,1.18407,1.1876,1.18342,1.18736,49915,3
2021-09-03,1.18736,1.1909,1.18655,1.18773,71347,3
2021-09-06,1.18854,1.18857,1.18557,1.18731,41224,4
2021-09-07,1.1873,1.18851,1.18358,1.18429,68101,3
2021-09-08,1.18428,1.18511,1.18019,1.18188,77651,4
2021-09-09,1.18186,1.18412,1.18051,1.1823,81333,3
2021-09-10,1.1823,1.1851,1.18092,1.18101,64092,3
2021-09-13,1.18114,1.18169,1.177,1.18096,59808,4
2021-09-14,1.18095,1.18458,1.18,1.18023,70371,4
2021-09-15,1.18024,1.18318,1.17991,1.1819,68103,3
2021-09-16,1.18189,1.18204,1.17504,1.17648,67660,4
2021-09-17,1.17647,1.17888,1.17235,1.17239,69255,4
2021-09-20,1.17293,1.17364,1.17001,1.17266,85315,3
2021-09-21,1.17267,1.17486,1.17147,1.17228,69861,3
2021-09-22,1.17228,1.17555,1.16843,1.1687,84023,4
2021-09-23,1.16871,1.175,1.16834,1.17398,79470,3
2021-09-24,1.17397,1.17476,1.17005,1.17181,56269,4
2021-09-27,1.17224,1.1725,1.16846,1.16956,110025,5
2021-09-28,1.16956,1.17031,1.16682,1.1686,115382,4
2021-09-29,1.16858,1.169,1.15894,1.16014,108741,3
2021-09-30,1.16015,1.16096,1.15624,1.15736,101737,4
2021-10-01,1.15735,1.16072,1.15628,1.15923,88879,3
2021-10-04,1.16065,1.164,1.15876,1.1616,75426,3
2021-10-05,1.16161,1.16198,1.15804,1.15955,71112,4
2021-10-06,1.15954,1.15977,1.15291,1.15549,90783,3
2021-10-07,1.15548,1.1572,1.15474,1.15592,57575,3
2021-10-08,1.15591,1.15861,1.15413,1.15721,68518,3
2021-10-11,1.15655,1.15867,1.15478,1.15532,54963,3
2021-10-12,1.15533,1.15703,1.15242,1.15304,64932,3
2021-10-13,1.15305,1.15994,1.15299,1.15968,77213,3
2021-10-14,1.15966,1.16242,1.15839,1.15903,94235,4
2021-10-15,1.15903,1.16185,1.15881,1.15983,90919,4
2021-10-18,1.15965,1.16223,1.15717,1.16131,70002,4
2021-10-19,1.16133,1.16693,1.1613,1.16313,60875,4
2021-10-20,1.16313,1.16586,1.16168,1.16523,62797,4
2021-10-21,1.16522,1.16674,1.16194,1.16246,74254,3
2021-10-22,1.16249,1.16556,1.1621,1.16395,107162,3
2021-10-25,1.16393,1.16649,1.15907,1.16087,74216,3
2021-10-26,1.16087,1.16257,1.15848,1.15962,66852,4
2021-10-27,1.15962,1.16259,1.15849,1.15982,77745,3
2021-10-28,1.15984,1.16921,1.15821,1.16821,108846,3
2021-10-29,1.16821,1.16899,1.1535,1.15529,96374,3
2021-11-01,1.15562,1.1609,1.1546,1.15995,76964,3
2021-11-02,1.15996,1.16133,1.15751,1.1579,69826,4
2021-11-03,1.1579,1.16164,1.15622,1.16152,100256,4
2021-11-04,1.16152,1.1616,1.15282,1.15552,85764,3
2021-11-05,1.15553,1.15731,1.15132,1.15631,90784,4
2021-11-08,1.15681,1.15949,1.15503,1.15877,57896,3
2021-11-09,1.15877,1.16087,1.15698,1.1594,68662,3
2021-11-10,1.1594,1.15952,1.14759,1.14856,101937,4
2021-11-11,1.14856,1.14875,1.14428,1.14474,68519,3
2021-11-12,1.14477,1.1462,1.14328,1.14413,68754,4
2021-11-15,1.1441,1.14638,1.13562,1.13668,77648,4
2021-11-16,1.1367,1.13856,1.13089,1.13179,90620,4
2021-11-17,1.1318,1.13321,1.12635,1.13178,84534,3
2021-11-18,1.13178,1.1374,1.13137,1.13676,79086,4
2021-11-19,1.13677,1.13692,1.12499,1.12794,115118,4
2021-11-22,1.12752,1.12904,1.12306,1.12417,96436,4
2021-11-23,1.12415,1.1275,1.12259,1.12445,95147,3
2021-11-24,1.12444,1.12552,1.11859,1.12025,100451,3
2021-11-25,1.12025,1.12296,1.12025,1.12091,52745,4
2021-11-26,1.12091,1.13301,1.12067,1.13071,135990,3
2021-11-29,1.12925,1.13003,1.12583,1.12925,97316,4
2021-11-30,1.12925,1.13828,1.12349,1.13299,162825,3
2021-12-01,1.13298,1.13596,1.13025,1.13187,116514,3
2021-12-02,1.13189,1.13476,1.12953,1.13057,86981,4
2021-12-03,1.13057,1.13333,1.12665,1.13117,120078,3
2021-12-06,1.1304,1.13101,1.12663,1.12834,74963,3
2021-12-07,1.12833,1.12984,1.12275,1.12723,69266,4
2021-12-08,1.12725,1.13547,1.12667,1.13441,86382,4
2021-12-09,1.13441,1.13442,1.12783,1.12936,60464,4
2021-12-10,1.12935,1.13239,1.12651,1.13146,72815,3
2021-12-13,1.13106,1.1314,1.126,1.12834,71924,4
2021-12-14,1.12834,1.13238,1.12535,1.12575,79144,3
2021-12-15,1.12575,1.12991,1.12215,1.12902,114369,4
2021-12-16,1.12903,1.13603,1.12811,1.13336,81934,4
2021-12-17,1.13335,1.13488,1.1235,1.1237,71994,4
2021-12-20,1.12426,1.13037,1.12363,1.12771,69760,4
2021-12-21,1.12771,1.13026,1.12607,1.12871,62672,4
2021-12-22,1.12872,1.13423,1.12644,1.13265,62053,4
2021-12-23,1.13263,1.13422,1.129,1.13228,68005,3
2021-12-24,1.13227,1.13433,1.13031,1.13102,192209,6
2021-12-27,1.13233,1.13344,1.13028,1.13294,38897,4
2021-12-28,1.13293,1.13331,1.12895,1.1313,44450,5
2021-12-29,1.13131,1.13688,1.12737,1.13595,66811,4
2021-12-30,1.13595,1.13597,1.12984,1.13222,55406,4
2021-12-31,1.13219,1.13863,1.13032,1.13667,48337,4
2022-01-03,1.13726,1.13755,1.12797,1.13017,83809,4
2022-01-04,1.13016,1.13224,1.12721,1.12827,101714,5
2022-01-05,1.12826,1.13463,1.12769,1.13105,97815,4
2022-01-06,1.13104,1.13318,1.12845,1.12949,108723,4
2022-01-07,1.12947,1.13647,1.12899,1.13593,83272,4
2022-01-10,1.13533,1.1358,1.12847,1.13299,88758,4
2022-01-11,1.13297,1.13752,1.1313,1.13658,67567,5
2022-01-12,1.13657,1.14526,1.13547,1.14394,79096,4
2022-01-13,1.14393,1.14817,1.14357,1.14564,72099,4
2022-01-14,1.14564,1.14827,1.13984,1.1409,75127,3
2022-01-17,1.14111,1.14344,1.13917,1.141,48796,3
2022-01-18,1.14099,1.14214,1.13146,1.13286,89419,4
2022-01-19,1.13289,1.13571,1.13187,1.13429,71206,4
2022-01-20,1.13427,1.13688,1.13031,1.13128,76310,5
2022-01-21,1.13129,1.13596,1.13009,1.13418,70299,3
2022-01-24,1.1341,1.1341,1.12904,1.13236,101154,5
2022-01-25,1.13235,1.1324,1.12631,1.13028,82892,4
2022-01-26,1.13028,1.13107,1.12354,1.12405,103107,4
2022-01-27,1.12405,1.12432,1.11312,1.11445,107566,4
2022-01-28,1.11446,1.11735,1.11213,1.1145,107496,3
2022-01-31,1.11519,1.12478,1.1144,1.12292,97023,4
2022-02-01,1.12293,1.12786,1.12209,1.1273,86146,4
2022-02-02,1.12728,1.133,1.12665,1.12992,69268,4
2022-02-03,1.12992,1.14514,1.12672,1.14355,130901,5
2022-02-04,1.14352,1.14837,1.14115,1.14477,104194,4
2022-02-07,1.14545,1.14587,1.14151,1.1441,89957,4
2022-02-08,1.14411,1.14487,1.13961,1.14205,76719,3
2022-02-09,1.14208,1.14477,1.14024,1.14211,67307,3
2022-02-10,1.14211,1.14948,1.13748,1.14112,119376,4
2022-02-11,1.1411,1.1418,1.13296,1.13463,131873,5
2022-02-14,1.13642,1.1369,1.12799,1.13056,119552,3
2022-02-15,1.13057,1.13681,1.13031,1.13551,93196,5
2022-02-16,1.1355,1.13957,1.13449,1.13728,86240,3
2022-02-17,1.13726,1.1386,1.1323,1.13637,120504,4
2022-02-18,1.13636,1.13769,1.1314,1.13203,84889,4
2022-02-21,1.1317,1.13905,1.12963,1.13092,78905,4
2022-02-22,1.13092,1.13667,1.1288,1.13287,110959,4
2022-02-23,1.13286,1.13588,1.13001,1.13053,70136,4
2022-02-24,1.13055,1.1306,1.11062,1.11905,224377,4
2022-02-25,1.11906,1.12739,1.11659,1.12719,142592,4
2022-02-28,1.11801,1.12464,1.11421,1.12141,172334,6
2022-03-01,1.1214,1.12329,1.10896,1.11322,142107,5
2022-03-02,1.11321,1.11437,1.10573,1.11123,167070,4
2022-03-03,1.11119,1.11152,1.10334,1.10656,108901,5
2022-03-04,1.10656,1.10665,1.08856,1.09311,160045,5
2022-03-07,1.08734,1.09325,1.08059,1.0866,240228,4
2022-03-08,1.0866,1.09582,1.08489,1.08978,204117,4
2022-03-09,1.08984,1.10951,1.08965,1.10733,137069,5
2022-03-10,1.10732,1.11212,1.0976,1.10133,176460,4
2022-03-11,1.10132,1.10435,1.09018,1.09099,170886,5
2022-03-14,1.09317,1.09938,1.09005,1.09426,193943,5
2022-03-15,1.09426,1.10196,1.0926,1.09667,230307,5
2022-03-16,1.09668,1.10466,1.095,1.10214,247686,4
2022-03-17,1.10216,1.11375,1.10201,1.1099,156210,4
2022-03-18,1.10991,1.11186,1.1003,1.10492,158697,4
2022-03-21,1.10423,1.10701,1.10102,1.10167,147088,6
2022-03-22,1.10166,1.10457,1.09608,1.10293,216645,4
2022-03-23,1.10296,1.10397,1.09639,1.10058,154731,4
2022-03-24,1.10058,1.10136,1.09659,1.10083,169412,4
2022-03-25,1.10086,1.10376,1.09797,1.09805,200806,5
2022-03-28,1.09814,1.09995,1.09446,1.09911,206029,5
2022-03-29,1.09911,1.1137,1.0969,1.10909,271953,4
2022-03-30,1.1091,1.1171,1.10878,1.11613,275564,4
2022-03-31,1.11611,1.11848,1.10608,1.10726,186689,4
2022-04-01,1.10727,1.10757,1.10279,1.10427,185473,4
2022-04-04,1.10458,1.10544,1.09603,1.09749,91177,5
2022-04-05,1.09748,1.09886,1.09,1.09058,84873,6
2022-04-06,1.09058,1.09379,1.08745,1.08975,131973,4
2022-04-07,1.08975,1.09383,1.08602,1.0864,183590,5
2022-04-08,1.08638,1.08917,1.08364,1.08744,114954,5
2022-04-11,1.08842,1.09332,1.08727,1.08769,133208,5
2022-04-12,1.08769,1.09036,1.08211,1.0826,232649,4
2022-04-13,1.08259,1.08973,1.08088,1.0895,219770,3
2022-04-14,1.08951,1.09233,1.07575,1.08209,290589,4
2022-04-15,1.08211,1.08236,1.07964,1.08057,146611,18
2022-04-18,1.08138,1.08156,1.07698,1.07799,146890,4
2022-04-19,1.07799,1.08145,1.0761,1.07941,191598,4
2022-04-20,1.07942,1.0867,1.07838,1.08493,157747,4
2022-04-21,1.08491,1.09362,1.08234,1.08349,245175,4
2022-04-22,1.08349,1.08515,1.07707,1.07947,212075,5
2022-04-25,1.08093,1.08119,1.06966,1.07124,287508,4
2022-04-26,1.07124,1.07386,1.06348,1.06424,228735,4
2022-04-27,1.06425,1.06546,1.05145,1.05541,252843,4
2022-04-28,1.05541,1.05647,1.0471,1.05029,273835,4
2022-04-29,1.05032,1.05928,1.05019,1.05409,218564,5
2022-05-02,1.05347,1.05682,1.04901,1.05096,249802,5
2022-05-03,1.05095,1.05776,1.04921,1.05251,218560,3
2022-05-04,1.05252,1.06309,1.05059,1.06202,310241,4
2022-05-05,1.06206,1.06417,1.04925,1.05394,319134,3
2022-05-06,1.05394,1.05988,1.04826,1.05452,379187,4
2022-05-09,1.05319,1.05924,1.04951,1.05631,248341,3
2022-05-10,1.05633,1.05852,1.05253,1.05289,229401,3
2022-05-11,1.05289,1.05771,1.05017,1.05117,321307,4
2022-05-12,1.05116,1.05292,1.03539,1.03784,352384,5
2022-05-13,1.03783,1.04195,1.03496,1.04116,146734,5
2022-05-16,1.03984,1.0443,1.03889,1.0439,194185,4
2022-05-17,1.0439,1.05556,1.04318,1.05487,237886,4
2022-05-18,1.05485,1.05636,1.04597,1.04729,143214,5
2022-05-19,1.04729,1.0607,1.0465,1.05795,271511,5
2022-05-20,1.05795,1.0599,1.05328,1.0561,178564,4
2022-05-23,1.05688,1.06973,1.05679,1.06837,217209,5
2022-05-24,1.06836,1.07485,1.06608,1.07326,162455,4
2022-05-25,1.07326,1.07365,1.06421,1.06869,180369,4
2022-05-26,1.06866,1.07344,1.06624,1.07324,154693,5
2022-05-27,1.07324,1.0765,1.06968,1.07317,131294,4
2022-05-30,1.07291,1.07867,1.07267,1.07729,135170,5
2022-05-31,1.07731,1.07744,1.06789,1.0734,242941,4
2022-06-01,1.0734,1.07393,1.06271,1.06509,174063,4
2022-06-02,1.06509,1.0751,1.06447,1.075,125084,3
2022-06-03,1.075,1.07643,1.0704,1.07169,105024,4
2022-06-06,1.07254,1.07518,1.06838,1.06896,121387,4
2022-06-07,1.06896,1.07142,1.06519,1.06972,171180,4
2022-06-08,1.06975,1.07484,1.06713,1.07168,149960,4
2022-06-09,1.07168,1.07738,1.0611,1.0619,244834,5
2022-06-10,1.0619,1.06422,1.05057,1.05137,182085,4
2022-06-13,1.04907,1.04955,1.03997,1.04148,267664,5
2022-06-14,1.04148,1.04846,1.0397,1.04367,254876,4
2022-06-15,1.04368,1.05077,1.0359,1.04573,389862,4
2022-06-16,1.04573,1.06014,1.03808,1.05464,331900,5
2022-06-17,1.05465,1.0552,1.04444,1.04934,272410,4
2022-06-20,1.04897,1.05458,1.04848,1.05172,158764,5
2022-06-21,1.05173,1.05824,1.05131,1.05312,177049,4
2022-06-22,1.05311,1.06057,1.04687,1.05646,241056,5
2022-06-23,1.05646,1.0581,1.04826,1.05192,292510,5
2022-06-24,1.05192,1.05712,1.0512,1.05519,150657,5
2022-06-27,1.05665,1.0615,1.05502,1.05797,197789,4
2022-06-28,1.05797,1.06061,1.05032,1.0522,276169,5
2022-06-29,1.05219,1.05354,1.04352,1.04456,304392,5
2022-06-30,1.04456,1.04887,1.03824,1.04783,261479,5
2022-07-01,1.04783,1.04783,1.03658,1.04262,165750,5
2022-07-04,1.04322,1.04627,1.0417,1.04326,166734,5
2022-07-05,1.04325,1.04485,1.0235,1.02565,287918,5
2022-07-06,1.02564,1.02765,1.01614,1.01843,259769,4
2022-07-07,1.01841,1.02209,1.01439,1.01683,117518,5
2022-07-08,1.01682,1.01912,1.0072,1.01822,222561,5
2022-07-11,1.01674,1.01675,1.00336,1.00458,305614,6
2022-07-12,1.00456,1.00738,0.99999,1.003,340183,4
2022-07-13,1.003,1.01222,0.99979,1.00342,391911,5
2022-07-14,1.00341,1.00503,0.99521,1.00263,482203,4
2022-07-15,1.00263,1.00979,1.00068,1.00821,251946,5
2022-07-18,1.00972,1.02011,1.00812,1.01463,227748,5
2022-07-19,1.01464,1.0269,1.01195,1.02307,284251,5
2022-07-20,1.02308,1.02729,1.01553,1.01807,216218,6
2022-07-21,1.01808,1.02781,1.01531,1.022,297972,4
2022-07-22,1.022,1.02553,1.01297,1.02119,322504,4
2022-07-25,1.01992,1.02578,1.01784,1.02229,311392,5
2022-07-26,1.02229,1.025,1.01074,1.01285,262722,6
2022-07-27,1.01285,1.02206,1.00966,1.02052,253438,5
2022-07-28,1.02052,1.02343,1.01138,1.01918,307902,4
2022-07-29,1.0192,1.02542,1.0146,1.02248,420709,5
2022-08-01,1.02102,1.02751,1.02075,1.02627,531554,6
2022-08-02,1.02629,1.02939,1.01545,1.01563,646775,6
2022-08-03,1.01562,1.02102,1.01226,1.01565,615301,5
2022-08-04,1.01563,1.02537,1.01542,1.02472,464596,5
2022-08-05,1.02472,1.02482,1.01415,1.01825,376918,5
2022-08-08,1.01718,1.02217,1.0159,1.01978,229708,6
2022-08-09,1.01976,1.02472,1.01885,1.02079,248238,5
2022-08-10,1.02077,1.03685,1.0202,1.02986,430040,6
2022-08-11,1.02986,1.03642,1.02752,1.03203,481458,6
2022-08-12,1.03202,1.03251,1.0238,1.0259,399301,5
2022-08-15,1.02533,1.02682,1.01533,1.01613,402574,6
2022-08-16,1.01614,1.01948,1.01225,1.01694,420085,5
2022-08-17,1.01696,1.02029,1.01453,1.01773,433019,5
2022-08-18,1.01774,1.01929,1.00795,1.00893,393063,5
2022-08-19,1.00893,1.00954,1.00318,1.00326,371416,5
2022-08-22,1.00361,1.00466,0.9926,0.9938,417890,6
2022-08-23,0.99381,1.00181,0.99002,0.99662,525647,5
2022-08-24,0.99661,0.99993,0.99099,0.99677,470313,6
2022-08-25,0.99677,1.00334,0.9949,0.99706,498643,5
2022-08-26,0.99704,1.00898,0.99463,0.99623,418090,5
2022-08-29,0.99362,1.00291,0.99141,1.00107,408621,5
2022-08-30,1.00105,1.00547,0.99818,1.00234,539444,5
2022-08-31,1.00233,1.0079,0.99712,1.0038,558595,5
2022-09-01,1.0038,1.00485,0.99107,0.99514,533872,5
2022-09-02,0.99515,1.00335,0.99449,0.99515,537398,5
2022-09-05,0.99075,0.99518,0.98772,0.995,392837,5
2022-09-06,0.99501,0.99862,0.98638,0.9897,611596,5
2022-09-07,0.98971,1.00128,0.98756,0.99976,527846,6
2022-09-08,0.99981,1.00294,0.99303,1.00097,512440,6
2022-09-09,1.00096,1.01131,1.00083,1.00425,346942,5
2022-09-12,1.00703,1.01977,1.00629,1.0129,387454,5
2022-09-13,1.0129,1.0187,0.99554,0.99778,549652,6
2022-09-14,0.99779,1.00234,0.99595,0.9982,635062,6
2022-09-15,0.99819,1.00177,0.99556,0.99874,491280,5
2022-09-16,0.99876,1.00363,0.99448,1.00146,493550,5
2022-09-19,1.00219,1.00322,0.99657,1.00297,382034,5
2022-09-20,1.00297,1.00504,0.9955,0.9971,427112,5
2022-09-21,0.9971,0.9975,0.98128,0.98313,652430,6
2022-09-22,0.98316,0.99074,0.9808,0.98383,784106,5
2022-09-23,0.98384,0.98517,0.9668,0.96885,704840,5
2022-09-26,0.96854,0.97013,0.95503,0.962,1023468,6
2022-09-27,0.96201,0.96707,0.95689,0.95953,687172,6
2022-09-28,0.95953,0.97508,0.95357,0.97054,964531,6
2022-09-29,0.97055,0.98437,0.96353,0.98291,712727,4
2022-09-30,0.98292,0.98537,0.97346,0.98013,555826,5
2022-10-03,0.97931,0.98445,0.97525,0.98334,702908,6
2022-10-04,0.98335,0.99995,0.9806,0.99836,585303,6
2022-10-05,0.99839,0.99947,0.98346,0.99116,551139,5
2022-10-06,0.99115,0.99264,0.97862,0.97888,714953,6
2022-10-07,0.97888,0.98167,0.97259,0.97388,638962,6
2022-10-10,0.97343,0.97531,0.96815,0.9711,487471,6
2022-10-11,0.97112,0.97745,0.96698,0.97004,779381,6
2022-10-12,0.97004,0.97346,0.96678,0.97046,759743,6
2022-10-13,0.97046,0.98057,0.96315,0.97671,792608,5
2022-10-14,0.97669,0.98086,0.9707,0.97182,788496,5
2022-10-17,0.97395,0.9852,0.97197,0.98435,635338,6
2022-10-18,0.98434,0.98755,0.98124,0.98625,706947,5
2022-10-19,0.98625,0.98667,0.97571,0.97652,669098,6
2022-10-20,0.97653,0.98454,0.97544,0.97782,713240,5
2022-10-21,0.97785,0.98689,0.97048,0.98613,880021,4
2022-10-24,0.98594,0.98935,0.98067,0.98842,871402,7
2022-10-25,0.98842,0.99768,0.98484,0.99616,672158,5
2022-10-26,0.99617,1.00934,0.99434,1.00932,653229,6
2022-10-27,1.00932,1.00934,0.99575,0.99668,603280,5
2022-10-28,0.99668,0.9998,0.99265,0.99631,611401,6
2022-10-31,0.99543,0.99656,0.98717,0.98856,450840,6
2022-11-01,0.98856,0.99539,0.98527,0.98772,409015,5
2022-11-02,0.98772,0.99757,0.98098,0.98138,586641,5
2022-11-03,0.98141,0.98394,0.97299,0.97488,592787,5
2022-11-04,0.97491,0.99664,0.97472,0.9956,632817,6
2022-11-07,0.99282,1.0034,0.99175,1.00173,584246,6
2022-11-08,1.00172,1.00963,0.99715,1.00804,524201,5
2022-11-09,1.00804,1.0088,0.99927,1.0019,619172,6
2022-11-10,1.0019,1.02218,0.99354,1.01914,702951,5
2022-11-11,1.01915,1.0364,1.0163,1.03538,649662,6
2022-11-14,1.03266,1.03584,1.02713,1.03196,630290,8
2022-11-15,1.03196,1.04808,1.02799,1.03572,858240,5
2022-11-16,1.03574,1.04384,1.03307,1.03932,830624,5
2022-11-17,1.03933,1.04065,1.03051,1.03607,603569,6
2022-11-18,1.03606,1.03959,1.03134,1.03235,532616,5
2022-11-21,1.03304,1.03327,1.02227,1.0245,569648,7
2022-11-22,1.02451,1.03106,1.02417,1.03104,496685,5
2022-11-23,1.03105,1.04191,1.02963,1.04175,598472,5
2022-11-24,1.04178,1.04484,1.03816,1.04074,449357,6
2022-11-25,1.04074,1.04291,1.03546,1.03926,468118,7
2022-11-28,1.03667,1.04967,1.033,1.03433,458332,8
2022-11-29,1.03432,1.03942,1.03188,1.03235,673309,6
2022-11-30,1.03234,1.04299,1.029,1.04229,746350,6
2022-12-01,1.04228,1.05393,1.03929,1.05278,774297,7
2022-12-02,1.05278,1.05448,1.0428,1.05325,680638,6
2022-12-05,1.05437,1.05948,1.048,1.04963,572648,6
2022-12-06,1.04966,1.05326,1.04591,1.04671,607329,5
2022-12-07,1.04671,1.05496,1.04431,1.05117,590686,6
2022-12-08,1.05118,1.05647,1.04895,1.05555,527456,6
2022-12-09,1.05554,1.05881,1.05027,1.05316,507629,5
2022-12-12,1.05209,1.058,1.05057,1.05413,425944,8
2022-12-13,1.05412,1.06731,1.05278,1.06242,501159,5
2022-12-14,1.06241,1.0695,1.06187,1.06757,535302,5
2022-12-15,1.06758,1.07361,1.05921,1.06385,538039,3
2022-12-16,1.06386,1.0663,1.05839,1.05839,457657,5
2022-12-19,1.05842,1.06578,1.05757,1.06121,351932,5
2022-12-20,1.0612,1.06584,1.05788,1.0625,590155,5
2022-12-21,1.0625,1.06455,1.05901,1.06077,402214,5
2022-12-22,1.06077,1.06593,1.0573,1.0601,383306,5
2022-12-23,1.0601,1.06328,1.05867,1.06172,375061,9
2022-12-26,1.06196,1.06459,1.05979,1.06397,52289,52
2022-12-27,1.06398,1.06694,1.06113,1.06369,281481,5
2022-12-28,1.06369,1.06742,1.06065,1.06288,349667,6
2022-12-29,1.06287,1.06902,1.06109,1.06601,316408,5
2022-12-30,1.06602,1.07131,1.06385,1.07026,393445,5
2023-01-02,1.07007,1.07087,1.06499,1.06765,132610,112
2023-01-03,1.06764,1.06801,1.05194,1.05455,524150,5
2023-01-04,1.05453,1.06354,1.0545,1.06061,429928,5
2023-01-05,1.06058,1.06314,1.05148,1.05208,455229,5
2023-01-06,1.05209,1.0648,1.04823,1.06413,432916,5
2023-01-09,1.06628,1.07605,1.06513,1.07326,409030,4
2023-01-10,1.07324,1.07592,1.07119,1.07382,404917,5
2023-01-11,1.07383,1.07762,1.07254,1.07652,402486,5
2023-01-12,1.07652,1.08668,1.07297,1.08595,640649,6
2023-01-13,1.08595,1.08679,1.07803,1.08302,480444,5
2023-01-16,1.08224,1.08741,1.08013,1.08294,296368,6
2023-01-17,1.08294,1.08693,1.07744,1.07893,489692,6
2023-01-18,1.07891,1.08873,1.07661,1.07972,365142,5
2023-01-19,1.07974,1.08398,1.07821,1.08333,211431,6
2023-01-20,1.08332,1.08587,1.08022,1.08549,156495,6
2023-01-23,1.08639,1.09267,1.08461,1.08711,177247,5
2023-01-24,1.08711,1.08978,1.08349,1.08897,320396,4
2023-01-25,1.08899,1.09236,1.08571,1.09206,390903,5
2023-01-26,1.09206,1.09293,1.08505,1.0893,370180,5
2023-01-27,1.0893,1.09001,1.08377,1.08649,300755,6
2023-01-30,1.08718,1.09137,1.08389,1.08499,208037,5
2023-01-31,1.085,1.08747,1.08019,1.08606,309286,5
2023-02-01,1.08605,1.10327,1.0852,1.10124,460761,5
2023-02-02,1.10123,1.10266,1.08851,1.09043,479780,6
2023-02-03,1.09044,1.09399,1.07924,1.07929,509141,5
2023-02-06,1.0789,1.07987,1.07092,1.07289,367702,6
2023-02-07,1.07288,1.07664,1.0669,1.07301,497515,4
2023-02-08,1.07303,1.07607,1.07092,1.07151,341166,5
2023-02-09,1.07152,1.07907,1.07093,1.0739,344320,5
2023-02-10,1.07391,1.07525,1.06661,1.06754,401909,4
2023-02-13,1.06771,1.07322,1.06553,1.07308,316053,5
2023-02-14,1.07308,1.08044,1.07066,1.0735,544864,4
2023-02-15,1.07351,1.07443,1.06604,1.06912,441190,5
2023-02-16,1.06913,1.07222,1.06544,1.06653,451022,5
2023-02-17,1.06653,1.06982,1.06126,1.06929,406116,5
2023-02-20,1.0684,1.07044,1.06701,1.06821,221424,5
2023-02-21,1.06821,1.0698,1.06372,1.06512,444087,5
2023-02-22,1.06513,1.06638,1.05989,1.06053,374774,5
2023-02-23,1.06053,1.06275,1.05769,1.05972,380037,5
2023-02-24,1.05973,1.06141,1.05359,1.0545,468224,6
2023-02-27,1.05533,1.06198,1.05328,1.06094,331444,5
2023-02-28,1.06094,1.06451,1.05726,1.05766,316235,5
2023-03-01,1.05767,1.06913,1.05651,1.06684,463409,6
2023-03-02,1.06684,1.06726,1.05764,1.05983,431367,5
2023-03-03,1.05982,1.06384,1.05882,1.06337,363832,5
2023-03-06,1.06255,1.06942,1.06219,1.06854,333201,5
2023-03-07,1.06853,1.06943,1.0546,1.05481,464528,5
2023-03-08,1.05482,1.05738,1.05241,1.05488,401566,6
2023-03-09,1.05488,1.0591,1.05378,1.05856,354111,5
2023-03-10,1.05855,1.07004,1.05738,1.06387,574192,5
2023-03-13,1.06811,1.07484,1.065,1.07228,757329,5
2023-03-14,1.07228,1.07494,1.06787,1.07267,579271,5
2023-03-15,1.07267,1.07597,1.05158,1.05814,683834,5
2023-03-16,1.05814,1.06353,1.0551,1.06135,609326,5
2023-03-17,1.06136,1.06852,1.06116,1.06647,329382,3
2023-03-20,1.06806,1.07309,1.06311,1.07185,483790,4
2023-03-21,1.07185,1.07886,1.07038,1.07727,397999,3
2023-03-22,1.07725,1.09124,1.0759,1.08688,459063,4
2023-03-23,1.08689,1.09296,1.0824,1.08345,524220,3
2023-03-24,1.08347,1.0837,1.07131,1.07566,537565,3
2023-03-27,1.07775,1.08076,1.07449,1.08062,334569,3
2023-03-28,1.08061,1.08485,1.08033,1.08388,332251,3
2023-03-29,1.0839,1.08713,1.08177,1.08425,306745,3
2023-03-30,1.08424,1.09262,1.08235,1.09041,286141,3
2023-03-31,1.0904,1.09257,1.08368,1.08386,347824,3
2023-04-03,1.08024,1.09165,1.07882,1.09066,336845,4
2023-04-04,1.09067,1.09733,1.08828,1.09575,373191,3
2023-04-05,1.09576,1.09695,1.0891,1.09029,337708,2
2023-04-06,1.09029,1.09375,1.08845,1.09194,275649,3
2023-04-07,1.09195,1.0924,1.08762,1.09029,82561,3
2023-04-10,1.09132,1.09171,1.08313,1.08687,209443,4
2023-04-11,1.08687,1.09279,1.0867,1.09163,296029,3
2023-04-12,1.09163,1.10004,1.09147,1.09968,333074,3
2023-04-13,1.09967,1.10676,1.09767,1.10516,295954,4
2023-04-14,1.10517,1.10758,1.09722,1.09922,339936,3
2023-04-17,1.09844,1.09997,1.09091,1.09244,292657,3
2023-04-18,1.09245,1.09828,1.09222,1.09748,287234,3
2023-04-19,1.09749,1.0984,1.09172,1.09516,313164,3
2023-04-20,1.09517,1.09895,1.09334,1.09676,336199,3
2023-04-21,1.09676,1.09936,1.0938,1.09874,323563,3
2023-04-24,1.09916,1.1057,1.09658,1.1057,295866,2
2023-04-25,1.10573,1.1067,1.09641,1.09779,344208,3
2023-04-26,1.09778,1.10952,1.09683,1.1045,394520,3
2023-04-27,1.1045,1.10634,1.0992,1.10315,345804,3
2023-04-28,1.10315,1.10449,1.09624,1.10144,413661,3
2023-05-01,1.10106,1.10355,1.09643,1.09687,245755,3
2023-05-02,1.09687,1.10137,1.09422,1.10107,354489,3
2023-05-03,1.1011,1.10916,1.10048,1.10685,406547,3
2023-05-04,1.10686,1.10917,1.0986,1.10229,451722,3
2023-05-05,1.10229,1.10477,1.09667,1.10162,331812,3
2023-05-08,1.10182,1.10535,1.09953,1.09965,248348,3
2023-05-09,1.09962,1.10007,1.0941,1.09645,276982,3
2023-05-10,1.09644,1.10068,1.09414,1.09824,321988,3
2023-05-11,1.09826,1.09981,1.09,1.09122,366846,3
2023-05-12,1.09122,1.09354,1.08476,1.08477,269782,3
2023-05-15,1.08526,1.08908,1.0848,1.08735,266445,3
2023-05-16,1.08736,1.09046,1.0855,1.08653,328202,3
2023-05-17,1.08653,1.08736,1.08102,1.08378,327774,3
2023-05-18,1.08377,1.08479,1.07624,1.07749,315432,3
2023-05-19,1.07749,1.08287,1.076,1.08019,358645,3
2023-05-22,1.08219,1.08313,1.07955,1.08104,337018,3
2023-05-23,1.08105,1.08204,1.07601,1.07691,330246,3
2023-05-24,1.0769,1.08012,1.07421,1.07555,385438,3
2023-05-25,1.07556,1.07556,1.07073,1.07234,357663,3
2023-05-26,1.07233,1.07585,1.07018,1.07227,330320,3
2023-05-29,1.07214,1.07434,1.07054,1.07067,140599,3
2023-05-30,1.07067,1.07465,1.06725,1.07316,333124,3
2023-05-31,1.07316,1.07356,1.06352,1.06933,330356,3
2023-06-01,1.06934,1.07684,1.06617,1.07604,336324,3
2023-06-02,1.07603,1.07789,1.0705,1.07063,292319,3
2023-06-05,1.0697,1.07224,1.06744,1.07113,254750,3
2023-06-06,1.07112,1.07328,1.06669,1.06984,241566,3
2023-06-07,1.06985,1.07396,1.06682,1.07069,250359,4
2023-06-08,1.0707,1.07869,1.07009,1.07818,255511,3
2023-06-09,1.07819,1.0785,1.07428,1.07456,223924,3
2023-06-12,1.07499,1.079,1.0733,1.07622,261307,3
2023-06-13,1.07621,1.08234,1.07591,1.07895,300942,3
2023-06-14,1.07896,1.0864,1.07739,1.08427,306829,3
2023-06-15,1.08427,1.09525,1.08036,1.09455,317368,3
2023-06-16,1.09455,1.09704,1.09178,1.09376,291965,3
2023-06-19,1.09398,1.09462,1.0907,1.09235,197158,3
2023-06-20,1.09234,1.09461,1.08921,1.09198,343028,3
2023-06-21,1.09197,1.09923,1.09058,1.09915,352561,3
2023-06-22,1.09916,1.10122,1.09485,1.09554,332254,2
2023-06-23,1.09555,1.09585,1.08443,1.08905,340802,3
2023-06-26,1.09064,1.092,1.08873,1.09099,265853,3
2023-06-27,1.09097,1.09766,1.09021,1.09575,333929,3
2023-06-28,1.09574,1.09621,1.08968,1.09151,345617,3
2023-06-29,1.09151,1.09414,1.08601,1.08673,345957,3
2023-06-30,1.08673,1.09317,1.08352,1.09095,361724,3
2023-07-03,1.09075,1.09339,1.08702,1.09128,282280,4
2023-07-04,1.09127,1.09163,1.08768,1.08824,164443,3
2023-07-05,1.08827,1.09078,1.08509,1.08551,288019,3
2023-07-06,1.08554,1.09006,1.08337,1.08896,399508,3
2023-07-07,1.08895,1.09731,1.08669,1.09646,356995,3
2023-07-10,1.0967,1.10058,1.09434,1.10052,306354,3
2023-07-11,1.10053,1.10269,1.09768,1.10136,304271,3
2023-07-12,1.10137,1.11405,1.10119,1.11405,368377,3
2023-07-13,1.11406,1.12296,1.11298,1.12234,356636,3
2023-07-14,1.12235,1.12448,1.12041,1.12235,334020,3
2023-07-17,1.12271,1.12487,1.12033,1.12373,216804,3
2023-07-18,1.12374,1.12756,1.12089,1.12281,349556,3
2023-07-19,1.12282,1.124,1.11742,1.12049,334460,3
2023-07-20,1.12048,1.12291,1.11184,1.11344,312290,3
2023-07-21,1.11345,1.11449,1.11079,1.11244,266398,3
2023-07-24,1.11244,1.11469,1.10597,1.1063,328345,3
2023-07-25,1.1063,1.10868,1.10207,1.10499,305305,3
2023-07-26,1.105,1.11066,1.10377,1.10779,358696,3
2023-07-27,1.10778,1.11496,1.09658,1.09781,478218,3
2023-07-28,1.0978,1.10475,1.09435,1.10125,430192,3
2023-07-31,1.10239,1.10458,1.09931,1.09966,302690,3
2023-08-01,1.09967,1.10192,1.09523,1.10075,308911,3
2023-08-02,1.10078,1.1008,1.09178,1.09435,372260,3
2023-08-03,1.09433,1.09628,1.09122,1.0951,397500,3
2023-08-04,1.09509,1.10419,1.09349,1.10029,349190,3
2023-08-07,1.10024,1.10117,1.09654,1.10026,229163,3
2023-08-08,1.10026,1.10111,1.0929,1.09592,308557,3
2023-08-09,1.09592,1.09953,1.09552,1.09771,275664,3
2023-08-10,1.09771,1.1065,1.09673,1.09815,358171,3
2023-08-11,1.09815,1.10049,1.09429,1.09433,295043,3
2023-08-14,1.09431,1.096,1.08747,1.09077,301227,3
2023-08-15,1.09076,1.09524,1.08969,1.09038,338771,3
2023-08-16,1.09038,1.09345,1.08714,1.08743,306087,3
2023-08-17,1.08744,1.0918,1.08563,1.08743,247690,3
2023-08-18,1.08742,1.08938,1.0845,1.08678,281367,3
2023-08-21,1.08747,1.09136,1.08695,1.08975,246269,2
2023-08-22,1.08974,1.09303,1.08329,1.08464,238740,3
2023-08-23,1.08465,1.08713,1.08025,1.08654,301989,3
2023-08-24,1.08655,1.08764,1.07928,1.0799,259011,3
2023-08-25,1.07989,1.08417,1.07658,1.07906,279167,3
2023-08-28,1.07969,1.08298,1.07961,1.08255,187940,2
2023-08-29,1.08255,1.08919,1.07822,1.08691,276114,3
2023-08-30,1.08691,1.09454,1.08551,1.09294,306966,3
2023-08-31,1.09292,1.09394,1.08347,1.08424,277054,2
2023-09-01,1.08422,1.08819,1.07716,1.07717,290718,2
2023-09-04,1.07758,1.08087,1.07731,1.07913,125159,3
2023-09-05,1.07912,1.07982,1.07062,1.07244,284963,2
2023-09-06,1.07246,1.07488,1.07025,1.07238,272316,3
2023-09-07,1.07238,1.07317,1.06861,1.06973,220599,3
2023-09-08,1.06975,1.07438,1.06941,1.06974,249977,3
2023-09-11,1.07165,1.07593,1.07099,1.07476,222000,3
2023-09-12,1.07476,1.07692,1.07055,1.07531,224376,2
2023-09-13,1.0753,1.07648,1.0711,1.07327,302238,2
2023-09-14,1.07327,1.07521,1.06318,1.0635,308775,3
2023-09-15,1.06349,1.06877,1.06332,1.06576,252456,3
2023-09-18,1.0668,1.06986,1.06546,1.06919,191336,2
2023-09-19,1.06918,1.0718,1.06746,1.06813,193377,3
2023-09-20,1.06814,1.07368,1.06478,1.06498,279923,3
2023-09-21,1.06498,1.06734,1.06167,1.06603,312982,3
2023-09-22,1.06603,1.06716,1.0615,1.06419,262653,3
2023-09-25,1.06482,1.06555,1.05753,1.05912,214108,3
2023-09-26,1.05912,1.0609,1.0562,1.05691,237554,2
2023-09-27,1.05691,1.0574,1.0488,1.05052,299986,3
2023-09-28,1.05053,1.05788,1.0491,1.05621,344715,3
2023-09-29,1.05622,1.06169,1.05579,1.05694,313685,2
2023-10-02,1.05641,1.05919,1.04752,1.04798,288250,3
2023-10-03,1.04798,1.04933,1.04483,1.04686,318473,2
2023-10-04,1.04684,1.05321,1.04514,1.05069,333185,2
2023-10-05,1.05068,1.05518,1.05,1.05462,296451,2
2023-10-06,1.05463,1.05999,1.04824,1.05828,379205,2
2023-10-09,1.05662,1.05796,1.05194,1.05786,234988,3
2023-10-10,1.05788,1.06198,1.05542,1.06042,374339,2
2023-10-11,1.06043,1.06346,1.05806,1.06234,326297,3
2023-10-12,1.06234,1.06397,1.05257,1.05355,290362,3
2023-10-13,1.05358,1.05584,1.04954,1.05073,301267,3
2023-10-16,1.05221,1.05627,1.05156,1.05543,220095,2
2023-10-17,1.05543,1.05948,1.05328,1.05727,281288,3
2023-10-18,1.05726,1.05941,1.05231,1.05379,288203,3
2023-10-19,1.05381,1.06163,1.05282,1.05863,362885,3
2023-10-20,1.05862,1.06035,1.05649,1.05927,263167,3
2023-10-23,1.05893,1.06779,1.05714,1.06698,268375,3
2023-10-24,1.06699,1.06942,1.0583,1.05949,270326,3
2023-10-25,1.05952,1.06067,1.05601,1.05661,247536,3
2023-10-26,1.05661,1.05691,1.05221,1.05638,287112,2
2023-10-27,1.05637,1.0597,1.05354,1.05605,215595,3
2023-10-30,1.05618,1.0625,1.05471,1.06138,228354,3
2023-10-31,1.06139,1.06748,1.05574,1.0578,318725,3
2023-11-01,1.05778,1.05867,1.05167,1.05866,375003,3
2023-11-02,1.05866,1.06675,1.05837,1.06155,285188,3
2023-11-03,1.06158,1.07467,1.06146,1.07295,277703,3
2023-11-06,1.07316,1.07562,1.07149,1.07182,206912,3
2023-11-07,1.07184,1.07193,1.0664,1.06956,244609,3
2023-11-08,1.06956,1.0716,1.06593,1.07112,228079,2
2023-11-09,1.07113,1.07254,1.06601,1.06669,278638,3
2023-11-10,1.06671,1.06927,1.0656,1.06848,223179,3
2023-11-13,1.06902,1.07061,1.0665,1.07012,184353,3
2023-11-14,1.07013,1.08875,1.06928,1.08777,297807,3
2023-11-15,1.08776,1.08858,1.08315,1.08541,276387,4
2023-11-16,1.08542,1.08955,1.083,1.08529,261790,3
2023-11-17,1.0853,1.09148,1.08247,1.09138,256587,3
2023-11-20,1.09054,1.09517,1.08974,1.09446,229163,3
2023-11-21,1.09447,1.09651,1.09001,1.09169,266625,3
2023-11-22,1.0917,1.09229,1.08522,1.08878,290491,3
2023-11-23,1.0888,1.09303,1.0887,1.09038,158996,3
2023-11-24,1.09037,1.09486,1.08949,1.09341,176750,3
2023-11-27,1.09397,1.09592,1.09251,1.09589,246250,3
2023-11-28,1.09589,1.10088,1.09344,1.10039,294811,3
2023-11-29,1.10041,1.10171,1.09601,1.09732,263728,3
2023-11-30,1.09731,1.09838,1.08794,1.08916,339794,2
2023-12-01,1.08917,1.09127,1.08287,1.08788,340570,3
2023-12-04,1.08858,1.08865,1.0804,1.08373,306535,3
2023-12-05,1.08373,1.08474,1.07781,1.07932,336566,3
2023-12-06,1.07933,1.08047,1.07586,1.07661,269719,2
2023-12-07,1.07664,1.08175,1.07552,1.07895,351025,3
2023-12-08,1.07896,1.08005,1.07236,1.07592,364100,3
2023-12-11,1.07653,1.07789,1.07415,1.07653,234558,3
2023-12-12,1.07653,1.08279,1.07612,1.07982,278599,3
2023-12-13,1.07983,1.08965,1.07731,1.08825,340456,3
2023-12-14,1.08826,1.10092,1.08791,1.09932,482535,3
2023-12-15,1.09934,1.10036,1.08885,1.08922,358985,3
2023-12-18,1.08948,1.09311,1.08939,1.09231,246910,3
2023-12-19,1.09231,1.09873,1.09148,1.09792,282074,3
2023-12-20,1.09793,1.09793,1.09298,1.09432,263424,3
2023-12-21,1.09433,1.10125,1.09352,1.10056,349858,3
2023-12-22,1.10057,1.10401,1.09938,1.10135,348633,3
2023-12-25,1.10149,1.1023,1.09933,1.10186,7815,55
2023-12-26,1.10187,1.1045,1.10085,1.10422,182181,4
2023-12-27,1.10422,1.11226,1.10286,1.11082,208829,3
2023-12-28,1.11081,1.11394,1.10552,1.10677,272572,3
2023-12-29,1.10678,1.10842,1.10339,1.10374,293532,3
2024-01-01,1.10427,1.10447,1.10356,1.10365,3928,53
2024-01-02,1.10366,1.10432,1.09375,1.09416,277215,4
2024-01-03,1.09416,1.09654,1.08929,1.09258,327371,3
2024-01-04,1.09259,1.09721,1.0916,1.09462,281479,3
2024-01-05,1.09461,1.09984,1.08767,1.09392,356936,2
2024-01-08,1.09413,1.09788,1.09226,1.09497,252662,4
2024-01-09,1.09497,1.09663,1.09103,1.09317,275843,3
2024-01-10,1.09316,1.09747,1.09228,1.0974,257611,4
2024-01-11,1.09742,1.1,1.09302,1.09824,419642,4
2024-01-12,1.09823,1.09868,1.09359,1.09483,308576,3
2024-01-15,1.09451,1.09675,1.09335,1.09449,200073,3
2024-01-16,1.09447,1.09461,1.0862,1.08784,397037,3
2024-01-17,1.08786,1.0886,1.08445,1.0886,342270,3
2024-01-18,1.08861,1.09067,1.08466,1.08799,365215,3
2024-01-19,1.088,1.08983,1.08656,1.0896,258477,3
2024-01-22,1.0892,1.09094,1.08768,1.08772,233842,4
2024-01-23,1.08776,1.09162,1.08215,1.08572,278336,2
2024-01-24,1.08573,1.09323,1.08514,1.0881,357217,3
2024-01-25,1.08811,1.09018,1.08216,1.08454,364074,3
2024-01-26,1.08455,1.08854,1.08128,1.08504,288629,2
2024-01-29,1.08423,1.085,1.07958,1.08336,221227,3
2024-01-30,1.08336,1.08573,1.08119,1.08428,289257,2
2024-01-31,1.08429,1.08874,1.07949,1.08039,444643,3
2024-02-01,1.08039,1.08761,1.07799,1.08742,420181,3
2024-02-02,1.08741,1.08974,1.07804,1.07849,341672,4
2024-02-05,1.07796,1.07861,1.07231,1.0741,269550,3
2024-02-06,1.07409,1.07623,1.07225,1.07566,284142,3
2024-02-07,1.07569,1.07838,1.07556,1.07754,288840,3
2024-02-08,1.07754,1.07889,1.07416,1.07776,255931,2
2024-02-09,1.07775,1.07951,1.07621,1.07821,262267,3
2024-02-12,1.0798,1.08055,1.07559,1.07717,197303,3
2024-02-13,1.07718,1.07985,1.07005,1.07083,294606,3
2024-02-14,1.07083,1.07344,1.06949,1.07319,257104,3
2024-02-15,1.07321,1.07847,1.07246,1.07726,300692,2
2024-02-16,1.07726,1.07874,1.07319,1.07749,261132,2
2024-02-19,1.07838,1.07894,1.07621,1.07754,127168,3
2024-02-20,1.07753,1.08387,1.07615,1.08098,277747,2
2024-02-21,1.081,1.08243,1.07899,1.08202,247379,2
2024-02-22,1.08201,1.08882,1.08026,1.08253,232501,3
2024-02-23,1.08253,1.08395,1.08117,1.08174,176738,3
2024-02-26,1.08188,1.08597,1.08126,1.08503,158886,2
2024-02-27,1.08504,1.08659,1.0833,1.0841,132213,2
2024-02-28,1.08411,1.08458,1.07966,1.08383,184658,2
2024-02-29,1.08384,1.08558,1.07958,1.08055,257109,2
2024-03-01,1.08055,1.08432,1.07981,1.08368,205235,2
2024-03-04,1.08417,1.08667,1.08377,1.08541,149954,2
2024-03-05,1.0854,1.0876,1.08403,1.08555,160840,2
2024-03-06,1.08554,1.09153,1.08421,1.08995,194111,2
2024-03-07,1.08994,1.09513,1.08678,1.09509,201541,2
2024-03-08,1.0951,1.09812,1.09183,1.09348,222224,2
2024-03-11,1.09427,1.0948,1.09145,1.09304,177769,2
2024-03-12,1.09306,1.09438,1.09023,1.09267,267192,3
2024-03-13,1.09268,1.09638,1.09201,1.0953,227121,3
2024-03-14,1.09529,1.09547,1.08806,1.08827,250893,3
2024-03-15,1.08828,1.08996,1.0873,1.08869,182728,2
2024-03-18,1.08836,1.09061,1.08661,1.08732,147353,3
2024-03-19,1.08732,1.08765,1.08347,1.08616,186289,3
2024-03-20,1.08617,1.09374,1.08364,1.09373,221955,2
2024-03-21,1.09373,1.09426,1.08554,1.08618,187180,2
2024-03-22,1.08622,1.08679,1.08017,1.08065,182011,3
2024-03-25,1.08071,1.08424,1.08021,1.0837,140109,3
2024-03-26,1.0837,1.08643,1.08242,1.08325,149472,2
2024-03-27,1.08326,1.0839,1.08101,1.08123,149770,2
2024-03-28,1.08123,1.08265,1.07751,1.07911,196499,2
2024-03-29,1.07912,1.08051,1.07678,1.07898,166405,10
2024-04-01,1.07932,1.07987,1.07309,1.07372,128429,3
2024-04-02,1.0737,1.0779,1.07246,1.07679,188684,2
2024-04-03,1.07678,1.08407,1.0764,1.0838,198901,2
2024-04-04,1.0838,1.08765,1.08317,1.08364,204809,2
2024-04-05,1.08363,1.08479,1.07913,1.08352,229600,2
2024-04-08,1.08297,1.08634,1.08208,1.0862,173627,2
2024-04-09,1.0862,1.0885,1.08477,1.08588,165777,2
2024-04-10,1.08587,1.08665,1.07288,1.0741,264829,2
2024-04-11,1.07411,1.07564,1.06992,1.0726,235847,2
2024-04-12,1.0726,1.07281,1.06226,1.06385,200785,2
2024-04-15,1.06461,1.06651,1.06202,1.06247,229855,3
2024-04-16,1.06246,1.06535,1.0601,1.0621,280763,2
2024-04-17,1.0621,1.06796,1.0606,1.06689,187920,2
2024-04-18,1.0669,1.069,1.06402,1.06425,177781,2
2024-04-19,1.06424,1.06775,1.06104,1.06526,282974,2
2024-04-22,1.06577,1.06706,1.06239,1.06537,132703,2
2024-04-23,1.06537,1.07112,1.06385,1.07024,181942,2
2024-04-24,1.07025,1.07142,1.06779,1.06999,148324,2
2024-04-25,1.07001,1.07402,1.06783,1.07267,185172,2
2024-04-26,1.07267,1.07527,1.06738,1.06911,178888,2
2024-04-29,1.0707,1.07337,1.06902,1.07147,231970,2
2024-04-30,1.07146,1.07353,1.06635,1.06659,210556,3
2024-05-01,1.0666,1.07326,1.06494,1.0717,223300,2
2024-05-02,1.0717,1.07308,1.06742,1.07298,208123,2
2024-05-03,1.073,1.08124,1.07243,1.07594,233585,2
2024-05-06,1.07582,1.07907,1.07553,1.07672,124099,2
2024-05-07,1.07671,1.07873,1.07473,1.07498,143267,3
2024-05-08,1.07498,1.07574,1.0735,1.07468,129162,2
2024-05-09,1.07468,1.07858,1.07239,1.07817,150702,2
2024-05-10,1.07817,1.079,1.07603,1.07694,122828,3
2024-05-13,1.07701,1.08068,1.07658,1.0792,112688,2
2024-05-14,1.07922,1.08256,1.07669,1.08138,124586,2
2024-05-15,1.08137,1.08901,1.0813,1.08883,159633,2
2024-05-16,1.08883,1.08949,1.08544,1.08677,139366,2
2024-05-17,1.08679,1.08784,1.08356,1.08674,109198,2
2024-05-20,1.08725,1.08844,1.0854,1.08602,110144,2
2024-05-21,1.08603,1.08747,1.08425,1.0854,158801,3
2024-05-22,1.08539,1.08633,1.08174,1.0825,160669,3
2024-05-23,1.08251,1.0861,1.08048,1.08116,179591,2
2024-05-24,1.08115,1.08578,1.08054,1.0846,118486,2
2024-05-27,1.08467,1.08674,1.08405,1.08614,85156,1
2024-05-28,1.08615,1.0889,1.08511,1.08512,166388,2
2024-05-29,1.08512,1.08588,1.07996,1.08011,165304,2
2024-05-30,1.08011,1.08451,1.07883,1.08312,183101,2
2024-05-31,1.08312,1.08822,1.08112,1.0845,182085,3
2024-06-03,1.08526,1.09098,1.08278,1.09071,173488,2
2024-06-04,1.09072,1.0916,1.0859,1.08817,181022,2
2024-06-05,1.08816,1.08915,1.08544,1.08739,154641,2
2024-06-06,1.08738,1.0902,1.08619,1.08916,156121,3
2024-06-07,1.08915,1.09018,1.07993,1.08017,223645,2
2024-06-10,1.07788,1.07814,1.07327,1.07633,161487,1
2024-06-11,1.07635,1.07734,1.07194,1.07399,179239,2
2024-06-12,1.07398,1.08521,1.07346,1.08127,299912,2
2024-06-13,1.08126,1.08163,1.07328,1.07374,207503,2
2024-06-14,1.07374,1.07449,1.06676,1.07025,241046,3
2024-06-17,1.07026,1.0741,1.06863,1.07398,179854,2
2024-06-18,1.074,1.07615,1.07099,1.07386,162461,2
2024-06-19,1.07385,1.07533,1.07248,1.0747,98343,2
2024-06-20,1.07469,1.07483,1.07012,1.07059,172393,2
2024-06-21,1.07059,1.07205,1.0671,1.06918,190145,2
2024-06-24,1.06878,1.07463,1.06837,1.07322,134182,2
2024-06-25,1.07322,1.07441,1.06906,1.07091,143347,2
2024-06-26,1.0709,1.07179,1.0666,1.06797,178060,2
2024-06-27,1.06798,1.07264,1.0677,1.07076,191723,2
2024-06-28,1.07078,1.07246,1.06852,1.07119,223607,2
2024-07-01,1.0735,1.07763,1.07197,1.07365,216707,2
2024-07-02,1.07364,1.07491,1.071,1.0748,184069,2
2024-07-03,1.0748,1.08168,1.07363,1.0791,182628,2
2024-07-04,1.0791,1.0814,1.07836,1.08103,93797,2
2024-07-05,1.08105,1.08426,1.07993,1.0837,202198,2
2024-07-08,1.08255,1.0845,1.08146,1.08305,189909,2
2024-07-09,1.08307,1.08333,1.08054,1.08142,189254,3
2024-07-10,1.08142,1.08365,1.08108,1.08333,166135,2
2024-07-11,1.08332,1.08999,1.08322,1.0874,253727,2
2024-07-12,1.0874,1.09113,1.08617,1.09054,216832,2
2024-07-15,1.08857,1.09222,1.08833,1.08981,213069,3
2024-07-16,1.0898,1.09054,1.08715,1.0902,217520,2
2024-07-17,1.09019,1.0948,1.0895,1.09402,244741,2
2024-07-18,1.09402,1.09407,1.08935,1.09003,230670,2
2024-07-19,1.09002,1.09003,1.08756,1.08779,199446,2
2024-07-22,1.08988,1.08998,1.0873,1.08889,192600,2
2024-07-23,1.08888,1.08967,1.08438,1.08496,189398,2
2024-07-24,1.08495,1.08664,1.08256,1.08378,228205,3
2024-07-25,1.08379,1.08699,1.08282,1.08513,274997,3
2024-07-26,1.08514,1.08681,1.0842,1.08547,162991,2
2024-07-29,1.08524,1.087,1.08028,1.0819,164236,3
2024-07-30,1.08191,1.08356,1.07982,1.08157,197098,2
2024-07-31,1.08156,1.08493,1.08019,1.08238,310176,2
2024-08-01,1.08235,1.08354,1.07774,1.07864,315513,2
2024-08-02,1.07864,1.09265,1.07818,1.09098,359862,3
2024-08-05,1.09104,1.10088,1.08923,1.09505,641411,3
2024-08-06,1.09506,1.09631,1.09037,1.09259,392866,2
2024-08-07,1.09259,1.09366,1.09053,1.09273,222859,2
2024-08-08,1.09275,1.09451,1.08814,1.09149,232050,3
2024-08-09,1.09147,1.09313,1.0909,1.09167,138598,2
2024-08-12,1.09125,1.09393,1.09116,1.09361,150355,2
2024-08-13,1.0936,1.09996,1.09137,1.09959,181942,2
2024-08-14,1.09958,1.10473,1.09863,1.10116,228917,2
2024-08-15,1.10117,1.10154,1.09495,1.09723,180963,2
2024-08-16,1.09723,1.10296,1.09718,1.10211,142237,2
2024-08-19,1.10246,1.10875,1.10231,1.10854,203566,2
2024-08-20,1.10855,1.11317,1.10719,1.11275,284696,3
2024-08-21,1.11274,1.1174,1.10992,1.11548,178185,2
2024-08-22,1.11549,1.11646,1.1098,1.1116,132171,3
2024-08-23,1.11159,1.12008,1.11055,1.1191,135898,3
2024-08-26,1.11892,1.12015,1.115,1.11644,190719,3
2024-08-27,1.11646,1.11905,1.11501,1.11769,165105,2
2024-08-28,1.11769,1.118,1.1105,1.11244,191989,2
2024-08-29,1.11245,1.11399,1.10556,1.108,239688,2
2024-08-30,1.10802,1.1095,1.10438,1.10456,267029,2
2024-09-02,1.10445,1.10773,1.10419,1.1067,133709,2
2024-09-03,1.10671,1.10702,1.10263,1.10485,254603,2
2024-09-04,1.10485,1.10951,1.104,1.10801,213738,2
2024-09-05,1.108,1.11197,1.10746,1.1111,235672,2
2024-09-06,1.11111,1.11556,1.10656,1.10825,353016,3
2024-09-09,1.10864,1.1091,1.10331,1.10352,207900,2
2024-09-10,1.10352,1.10496,1.10151,1.102,188032,3
2024-09-11,1.102,1.10549,1.10019,1.10102,283649,2
2024-09-12,1.10101,1.10791,1.10055,1.10789,262999,3
2024-09-13,1.10786,1.11017,1.10721,1.10732,226140,2
2024-09-16,1.10872,1.11374,1.10867,1.11291,197614,3
2024-09-17,1.11291,1.11461,1.11109,1.1122,263987,2
2024-09-18,1.11221,1.11891,1.10966,1.11139,331002,3
2024-09-19,1.1114,1.11787,1.10683,1.11593,391016,2
2024-09-20,1.11593,1.11818,1.1136,1.11626,290385,2
2024-09-23,1.11589,1.11672,1.10831,1.11109,266430,3
2024-09-24,1.1111,1.1191,1.11033,1.11909,261990,2
2024-09-25,1.11907,1.1214,1.11215,1.11296,236797,2
2024-09-26,1.11297,1.11893,1.11257,1.11769,239756,3
2024-09-27,1.1177,1.1203,1.11248,1.11619,334310,2
2024-09-30,1.11688,1.12089,1.11136,1.11365,290777,2
2024-10-01,1.11365,1.11439,1.10458,1.10644,285075,3
2024-10-02,1.10645,1.10828,1.10325,1.10458,259653,2
2024-10-03,1.10459,1.10468,1.10082,1.10351,326833,3
2024-10-04,1.1035,1.10395,1.09512,1.09739,274019,3
2024-10-07,1.09705,1.09868,1.09542,1.09742,267157,2
2024-10-08,1.09742,1.09971,1.09608,1.09753,227364,3
2024-10-09,1.09754,1.09787,1.09362,1.09394,175349,3
2024-10-10,1.09422,1.09548,1.09,1.09334,275190,4
2024-10-11,1.09335,1.09537,1.0926,1.09353,178701,3
2024-10-14,1.09231,1.09366,1.08881,1.0909,172297,2
2024-10-15,1.0909,1.09167,1.08819,1.08832,171943,3
2024-10-16,1.08832,1.09014,1.08532,1.08587,182060,3
2024-10-17,1.08588,1.08737,1.0811,1.08291,258617,2
2024-10-18,1.08291,1.08694,1.08274,1.08655,200338,2
2024-10-21,1.08682,1.08688,1.08111,1.08153,185319,2
2024-10-22,1.08151,1.0838,1.07926,1.07962,195245,3
2024-10-23,1.07962,1.08066,1.07612,1.07803,236731,2
2024-10-24,1.07804,1.08298,1.07706,1.08237,255090,2
2024-10-25,1.08239,1.08392,1.0793,1.07945,156023,3
2024-10-28,1.0796,1.08276,1.07819,1.08176,204876,2
2024-10-29,1.08175,1.08263,1.07688,1.08197,259002,3
2024-10-30,1.08196,1.08713,1.08079,1.08582,295537,3
2024-10-31,1.08581,1.08881,1.08441,1.08839,280173,3
2024-11-01,1.08838,1.09057,1.08317,1.08327,277728,2
2024-11-04,1.08728,1.09147,1.08699,1.08735,265961,3
2024-11-05,1.08736,1.09369,1.08724,1.09339,201809,3
2024-11-06,1.09338,1.09339,1.06824,1.07315,827134,4
2024-11-07,1.07316,1.08247,1.07129,1.07954,392319,3
2024-11-08,1.07954,1.07974,1.06868,1.07182,361900,2
2024-11-11,1.07131,1.07277,1.06286,1.06631,217689,2
2024-11-12,1.0663,1.06631,1.05951,1.06166,300444,2
2024-11-13,1.06166,1.0654,1.05556,1.05657,300051,3
2024-11-14,1.05656,1.05825,1.0496,1.05295,378316,2
2024-11-15,1.05295,1.0593,1.05163,1.05394,365379,3
2024-11-18,1.05362,1.06071,1.05302,1.05945,241140,3
2024-11-19,1.05945,1.0608,1.05233,1.0607,375106,3
2024-11-20,1.0607,1.06097,1.05068,1.05456,283612,3
2024-11-21,1.05457,1.05548,1.04622,1.0469,346413,2
2024-11-22,1.04689,1.04981,1.03325,1.04193,385048,3
2024-11-25,1.04792,1.05303,1.04428,1.04437,410996,3
2024-11-26,1.04437,1.05447,1.0425,1.04918,449976,3
2024-11-27,1.04918,1.05876,1.04744,1.05619,372117,2
2024-11-28,1.05619,1.05627,1.05275,1.056,244861,3
2024-11-29,1.05601,1.05971,1.05414,1.05748,369610,2
2024-12-02,1.05439,1.05463,1.04607,1.05008,432322,3
2024-12-03,1.05008,1.0535,1.04807,1.05099,356546,3
2024-12-04,1.05098,1.05439,1.04723,1.05123,384100,3
2024-12-05,1.05124,1.05896,1.05081,1.05865,307268,3
2024-12-06,1.05864,1.06298,1.05423,1.05673,328123,2
2024-12-09,1.05657,1.05944,1.0532,1.05541,266698,2
2024-12-10,1.05542,1.0568,1.04984,1.05311,254604,3
2024-12-11,1.05312,1.05393,1.04802,1.05061,331623,3
2024-12-12,1.05059,1.05308,1.04637,1.04736,242510,2
2024-12-13,1.04736,1.05241,1.04531,1.05017,177462,3
2024-12-16,1.05095,1.05247,1.04745,1.0517,205934,3
2024-12-17,1.0517,1.05343,1.0479,1.04944,148975,4
2024-12-18,1.04943,1.05127,1.03439,1.03506,195086,3
2024-12-19,1.03506,1.04222,1.03504,1.03643,271624,2
2024-12-20,1.03644,1.04474,1.03429,1.04254,275369,3
2024-12-23,1.04335,1.04452,1.03842,1.0404,210176,3
2024-12-24,1.04041,1.04098,1.03835,1.03952,145354,4
2024-12-25,1.03952,1.04106,1.03951,1.03991,5889,96
2024-12-26,1.0399,1.04301,1.03905,1.04216,143610,3
2024-12-27,1.04216,1.0444,1.04049,1.04225,223380,4
2024-12-30,1.04297,1.04583,1.03717,1.04056,219254,3
2024-12-31,1.04057,1.04243,1.0344,1.03526,169569,4